{
  "experiment_info": {
    "timestamp": "2025-12-02T01:12:39.822767",
    "analysis_type": "capacity_sensitivity_analysis",
    "fixed_parameters": {
      "num_vehicles": 4,
      "vehicle_configuration": "2 per satellite",
      "primary_capacity": 3000
    },
    "varied_parameters": [
      "satellite_capacity",
      "secondary_capacity"
    ]
  },
  "results": [
    {
      "satellite_capacity": 18000,
      "secondary_capacity": 850,
      "num_vehicles": 4,
      "vehicle_config": "2 per satellite",
      "successful_runs": 5,
      "total_runs": 5,
      "success_rate": 1.0,
      "best_fitness": 227986.69999999972,
      "worst_fitness": 228293.05000000005,
      "mean_fitness": 228186.71999999983,
      "std_fitness": 108.98244629301632,
      "median_fitness": 228225.0499999997,
      "mean_execution_time": 18.501278400421143,
      "fitness_values": [
        228293.05000000005,
        228164.05000000005,
        228264.7499999997,
        228225.0499999997,
        227986.69999999972
      ]
    },
    {
      "satellite_capacity": 18000,
      "secondary_capacity": 925,
      "num_vehicles": 4,
      "vehicle_config": "2 per satellite",
      "successful_runs": 5,
      "total_runs": 5,
      "success_rate": 1.0,
      "best_fitness": 228099.05000000005,
      "worst_fitness": 228263.0499999997,
      "mean_fitness": 228164.7099999999,
      "std_fitness": 62.980055573014816,
      "median_fitness": 228146.00000000006,
      "mean_execution_time": 18.557092952728272,
      "fitness_values": [
        228146.00000000006,
        228263.0499999997,
        228105.75000000006,
        228209.69999999972,
        228099.05000000005
      ]
    },
    {
      "satellite_capacity": 18000,
      "secondary_capacity": 1000,
      "num_vehicles": 4,
      "vehicle_config": "2 per satellite",
      "successful_runs": 5,
      "total_runs": 5,
      "success_rate": 1.0,
      "best_fitness": 228152.0499999997,
      "worst_fitness": 228326.0499999997,
      "mean_fitness": 228244.16999999978,
      "std_fitness": 64.46464612481236,
      "median_fitness": 228229.0000000001,
      "mean_execution_time": 18.28688883781433,
      "fitness_values": [
        228229.0000000001,
        228206.69999999972,
        228326.0499999997,
        228152.0499999997,
        228307.0499999997
      ]
    },
    {
      "satellite_capacity": 18000,
      "secondary_capacity": 1075,
      "num_vehicles": 4,
      "vehicle_config": "2 per satellite",
      "successful_runs": 5,
      "total_runs": 5,
      "success_rate": 1.0,
      "best_fitness": 228028.0499999997,
      "worst_fitness": 228273.69999999972,
      "mean_fitness": 228157.69999999995,
      "std_fitness": 84.80122051010169,
      "median_fitness": 228138.7000000001,
      "mean_execution_time": 19.052001190185546,
      "fitness_values": [
        228223.00000000006,
        228273.69999999972,
        228028.0499999997,
        228125.05000000005,
        228138.7000000001
      ]
    },
    {
      "satellite_capacity": 18000,
      "secondary_capacity": 1150,
      "num_vehicles": 4,
      "vehicle_config": "2 per satellite",
      "successful_runs": 5,
      "total_runs": 5,
      "success_rate": 1.0,
      "best_fitness": 228021.7499999997,
      "worst_fitness": 228373.05000000008,
      "mean_fitness": 228178.3199999999,
      "std_fitness": 118.64402049841263,
      "median_fitness": 228174.00000000006,
      "mean_execution_time": 22.192821550369263,
      "fitness_values": [
        228100.7499999997,
        228222.0499999997,
        228373.05000000008,
        228174.00000000006,
        228021.7499999997
      ]
    },
    {
      "satellite_capacity": 19000,
      "secondary_capacity": 850,
      "num_vehicles": 4,
      "vehicle_config": "2 per satellite",
      "successful_runs": 5,
      "total_runs": 5,
      "success_rate": 1.0,
      "best_fitness": 28193.04999999971,
      "worst_fitness": 28449.000000000073,
      "mean_fitness": 28329.14999999993,
      "std_fitness": 89.67918376088802,
      "median_fitness": 28333.99999999971,
      "mean_execution_time": 22.842766094207764,
      "fitness_values": [
        28193.04999999971,
        28333.99999999971,
        28395.000000000073,
        28449.000000000073,
        28274.700000000073
      ]
    },
    {
      "satellite_capacity": 19000,
      "secondary_capacity": 925,
      "num_vehicles": 4,
      "vehicle_config": "2 per satellite",
      "successful_runs": 5,
      "total_runs": 5,
      "success_rate": 1.0,
      "best_fitness": 28374.04999999971,
      "worst_fitness": 28484.699999999346,
      "mean_fitness": 28426.68999999985,
      "std_fitness": 41.002931602396664,
      "median_fitness": 28420.000000000073,
      "mean_execution_time": 25.01951174736023,
      "fitness_values": [
        28394.000000000073,
        28460.700000000073,
        28374.04999999971,
        28484.699999999346,
        28420.000000000073
      ]
    },
    {
      "satellite_capacity": 19000,
      "secondary_capacity": 1000,
      "num_vehicles": 4,
      "vehicle_config": "2 per satellite",
      "successful_runs": 5,
      "total_runs": 5,
      "success_rate": 1.0,
      "best_fitness": 28324.000000000073,
      "worst_fitness": 28471.04999999971,
      "mean_fitness": 28395.409999999858,
      "std_fitness": 55.75798059461035,
      "median_fitness": 28391.000000000073,
      "mean_execution_time": 22.504704189300536,
      "fitness_values": [
        28471.04999999971,
        28443.99999999971,
        28346.99999999971,
        28324.000000000073,
        28391.000000000073
      ]
    },
    {
      "satellite_capacity": 19000,
      "secondary_capacity": 1075,
      "num_vehicles": 4,
      "vehicle_config": "2 per satellite",
      "successful_runs": 5,
      "total_runs": 5,
      "success_rate": 1.0,
      "best_fitness": 28280.99999999971,
      "worst_fitness": 28480.000000000073,
      "mean_fitness": 28399.13999999985,
      "std_fitness": 77.9448420359076,
      "median_fitness": 28428.69999999971,
      "mean_execution_time": 20.391768169403075,
      "fitness_values": [
        28469.99999999971,
        28428.69999999971,
        28336.000000000073,
        28480.000000000073,
        28280.99999999971
      ]
    },
    {
      "satellite_capacity": 19000,
      "secondary_capacity": 1150,
      "num_vehicles": 4,
      "vehicle_config": "2 per satellite",
      "successful_runs": 5,
      "total_runs": 5,
      "success_rate": 1.0,
      "best_fitness": 28173.050000000072,
      "worst_fitness": 28505.04999999971,
      "mean_fitness": 28382.12999999993,
      "std_fitness": 121.47776175072005,
      "median_fitness": 28368.700000000073,
      "mean_execution_time": 18.798200178146363,
      "fitness_values": [
        28361.85000000007,
        28368.700000000073,
        28501.99999999971,
        28505.04999999971,
        28173.050000000072
      ]
    },
    {
      "satellite_capacity": 20000,
      "secondary_capacity": 850,
      "num_vehicles": 4,
      "vehicle_config": "2 per satellite",
      "successful_runs": 5,
      "total_runs": 5,
      "success_rate": 1.0,
      "best_fitness": 15135.75,
      "worst_fitness": 15550.75,
      "mean_fitness": 15409.91,
      "std_fitness": 142.37302202313464,
      "median_fitness": 15456.0,
      "mean_execution_time": 18.630222845077515,
      "fitness_values": [
        15468.05,
        15439.0,
        15456.0,
        15550.75,
        15135.75
      ]
    },
    {
      "satellite_capacity": 20000,
      "secondary_capacity": 925,
      "num_vehicles": 4,
      "vehicle_config": "2 per satellite",
      "successful_runs": 5,
      "total_runs": 5,
      "success_rate": 1.0,
      "best_fitness": 15266.0,
      "worst_fitness": 15606.75,
      "mean_fitness": 15393.51,
      "std_fitness": 114.35237382756863,
      "median_fitness": 15353.75,
      "mean_execution_time": 18.60131964683533,